{"fga2":{"keys":["2ga"],"beta":[0.17732,1.61421]},"fgm2":{"keys":["2ga","2g%"],"beta":[0.05912,0.19095,-7.83822]},"fta":{"keys":["fta"],"beta":[0.12445,0.36754]},"ftm":{"keys":["fta","ft%"],"beta":[0.09356,0.05198,-3.51184]},"3ga":{"keys":["3ga"],"beta":[0.10199,0.09211]},"3gm":{"keys":["3ga","3g%"],"beta":[0.03123,0.00486,-0.11596]},"orb":{"keys":["orb"],"beta":[0.05462,0.05513]},"drb":{"keys":["drb"],"beta":[0.10327,0.22768]},"ast":{"keys":["ast"],"beta":[0.09765,0.03122]},"stl":{"keys":["stl"],"beta":[0.03708,-0.20586]},"blk":{"keys":["blk"],"beta":[0.04919,0.03091]},"to":{"keys":["to","2ga","ast"],"beta":[-0.0384,-0.00647,0.00646,4.21068]},"pf":{"keys":["blk","orb"],"beta":[7e-05,-0.00064,3.66411]}}