{"fga2":{"keys":["2ga"],"beta":[0.18742,1.16338]},"fgm2":{"keys":["2ga","2g%"],"beta":[0.0661,0.18403,-7.67091]},"fta":{"keys":["fta"],"beta":[0.12761,0.58386]},"ftm":{"keys":["fta","ft%"],"beta":[0.09473,0.05155,-3.26253]},"3ga":{"keys":["3ga"],"beta":[0.10378,0.17492]},"3gm":{"keys":["3ga","3g%"],"beta":[0.03445,0.00297,-0.08397]},"orb":{"keys":["orb"],"beta":[0.05479,0.13747]},"drb":{"keys":["drb"],"beta":[0.10689,0.29052]},"ast":{"keys":["ast"],"beta":[0.09704,0.0157]},"stl":{"keys":["stl"],"beta":[0.0363,-0.1526]},"blk":{"keys":["blk"],"beta":[0.04816,0.01443]},"to":{"keys":["to","2ga","ast"],"beta":[-0.04249,-0.00318,0.00301,4.34121]},"pf":{"keys":["blk","orb"],"beta":[0.00145,-0.00171,3.70204]}}